{
  "token_balances": {
    "client_0": 49.67972721693474,
    "client_1": 50.32027278306527,
    "0x70997970C51812dc3A010C7d01b50e0d17dc79C8": 50.25583855444792,
    "0x3C44CdDdB6a900fa2b585dd299e03d12FA4293BC": 46.88690384071762,
    "0x90F79bf6EB2c4f870365E785982E1f101E93b906": 52.38035707685185,
    "0x15d34AAf54267DB7D7c367839AAf71A00a2C6A65": 50.476900527982615
  },
  "contributions": {
    "1": {
      "client_0": 26.394833527424776,
      "client_1": 26.73515531524212,
      "0x70997970C51812dc3A010C7d01b50e0d17dc79C8": 66.71029646678058,
      "0x3C44CdDdB6a900fa2b585dd299e03d12FA4293BC": 79.36242448975793,
      "0x90F79bf6EB2c4f870365E785982E1f101E93b906": 53.37874128989615,
      "0x15d34AAf54267DB7D7c367839AAf71A00a2C6A65": 64.11148866486482,
      "0x9965507D1a55bcC2695C58ba16FB37d819B0A4dc": 61.122500697211834
    },
    "2": {
      "0x70997970C51812dc3A010C7d01b50e0d17dc79C8": 81.02845539924571,
      "0x3C44CdDdB6a900fa2b585dd299e03d12FA4293BC": 77.85902046781777,
      "0x90F79bf6EB2c4f870365E785982E1f101E93b906": 80.90967971502667,
      "0x15d34AAf54267DB7D7c367839AAf71A00a2C6A65": 72.80716253646072,
      "0x9965507D1a55bcC2695C58ba16FB37d819B0A4dc": 78.40266286937639
    },
    "3": {
      "0x70997970C51812dc3A010C7d01b50e0d17dc79C8": 67.17304909994675,
      "0x3C44CdDdB6a900fa2b585dd299e03d12FA4293BC": 46.3881633028181,
      "0x90F79bf6EB2c4f870365E785982E1f101E93b906": 79.76736223747423,
      "0x15d34AAf54267DB7D7c367839AAf71A00a2C6A65": 14.358625155778235,
      "0x9965507D1a55bcC2695C58ba16FB37d819B0A4dc": 61.03090869621679
    }
  },
  "distributed_rounds": [
    "3",
    "1",
    "2"
  ]
}