{
  "token_balances": {
    "client_0": 49.67972721693474,
    "client_1": 50.32027278306527,
    "0x70997970C51812dc3A010C7d01b50e0d17dc79C8": 50.25583855444792,
    "0x3C44CdDdB6a900fa2b585dd299e03d12FA4293BC": 46.88690384071762,
    "0x90F79bf6EB2c4f870365E785982E1f101E93b906": 52.38035707685185,
    "0x15d34AAf54267DB7D7c367839AAf71A00a2C6A65": 50.476900527982615,
    "c0": 8.997694310031003,
    "c1": 66.80530314521158,
    "c2": 62.220450728688746,
    "c3": 61.97655181606868
  },
  "contributions": {
    "1": {
      "client_0": 9.68856168384776,
      "client_1": 12.523950926728006,
      "0x70997970C51812dc3A010C7d01b50e0d17dc79C8": 66.71029646678058,
      "0x3C44CdDdB6a900fa2b585dd299e03d12FA4293BC": 79.36242448975793,
      "0x90F79bf6EB2c4f870365E785982E1f101E93b906": 53.37874128989615,
      "0x15d34AAf54267DB7D7c367839AAf71A00a2C6A65": 64.11148866486482,
      "0x9965507D1a55bcC2695C58ba16FB37d819B0A4dc": 61.122500697211834,
      "client_2": 81.95177050773857,
      "client_3": 78.86868562634766,
      "c0": 82.04804547033991,
      "c1": 81.80473218627506,
      "c2": 81.93282721370574,
      "c3": 82.0267769460236
    },
    "2": {
      "0x70997970C51812dc3A010C7d01b50e0d17dc79C8": 81.02845539924571,
      "0x3C44CdDdB6a900fa2b585dd299e03d12FA4293BC": 77.85902046781777,
      "0x90F79bf6EB2c4f870365E785982E1f101E93b906": 80.90967971502667,
      "0x15d34AAf54267DB7D7c367839AAf71A00a2C6A65": 72.80716253646072,
      "0x9965507D1a55bcC2695C58ba16FB37d819B0A4dc": 78.40266286937639,
      "c0": 74.19665498983758,
      "c1": 54.28229106821991,
      "c2": 57.80551167129302,
      "c3": 52.64770866674442
    },
    "3": {
      "0x70997970C51812dc3A010C7d01b50e0d17dc79C8": 67.17304909994675,
      "0x3C44CdDdB6a900fa2b585dd299e03d12FA4293BC": 46.3881633028181,
      "0x90F79bf6EB2c4f870365E785982E1f101E93b906": 79.76736223747423,
      "0x15d34AAf54267DB7D7c367839AAf71A00a2C6A65": 14.358625155778235,
      "0x9965507D1a55bcC2695C58ba16FB37d819B0A4dc": 61.03090869621679,
      "c0": 54.68520650624414,
      "c1": 59.53932185147386,
      "c2": 59.66723441479701,
      "c3": 49.639091806616506
    },
    "4": {
      "c0": 5.165934722405291,
      "c1": 24.9441862707734,
      "c2": 24.975744624637695,
      "c3": 24.859903012456027
    },
    "5": {
      "c0": 5.298976581100362,
      "c1": 74.39751888505607,
      "c2": 64.73458085773149,
      "c3": 64.52771443265416
    }
  },
  "distributed_rounds": [
    "1",
    "4",
    "2",
    "5",
    "3"
  ]
}