{
  "token_balances": {
    "client_0": 49.67972721693474,
    "client_1": 50.32027278306527,
    "0x70997970C51812dc3A010C7d01b50e0d17dc79C8": 50.25583855444792,
    "0x3C44CdDdB6a900fa2b585dd299e03d12FA4293BC": 46.88690384071762,
    "0x90F79bf6EB2c4f870365E785982E1f101E93b906": 52.38035707685185,
    "0x15d34AAf54267DB7D7c367839AAf71A00a2C6A65": 50.476900527982615
  },
  "contributions": {
    "1": {
      "client_0": 26.394833527424776,
      "client_1": 26.73515531524212,
      "0x70997970C51812dc3A010C7d01b50e0d17dc79C8": 83.15839391221313,
      "0x3C44CdDdB6a900fa2b585dd299e03d12FA4293BC": 81.7189138493087,
      "0x90F79bf6EB2c4f870365E785982E1f101E93b906": 82.87272983723524,
      "0x15d34AAf54267DB7D7c367839AAf71A00a2C6A65": 82.96306596617356
    },
    "2": {
      "0x70997970C51812dc3A010C7d01b50e0d17dc79C8": 66.28286502355495,
      "0x3C44CdDdB6a900fa2b585dd299e03d12FA4293BC": 61.3459487532876,
      "0x90F79bf6EB2c4f870365E785982E1f101E93b906": 61.298192140483856,
      "0x15d34AAf54267DB7D7c367839AAf71A00a2C6A65": 60.501102130622975
    },
    "3": {
      "0x70997970C51812dc3A010C7d01b50e0d17dc79C8": 38.48910325855656,
      "0x3C44CdDdB6a900fa2b585dd299e03d12FA4293BC": 36.230584822420525,
      "0x90F79bf6EB2c4f870365E785982E1f101E93b906": 45.189958548256094,
      "0x15d34AAf54267DB7D7c367839AAf71A00a2C6A65": 42.61573605488241
    }
  },
  "distributed_rounds": [
    "3",
    "1",
    "2"
  ]
}