{
  "token_balances": {
    "0x70997970C51812dc3A010C7d01b50e0d17dc79C8": 100.4794256897843,
    "0x3C44CdDdB6a900fa2b585dd299e03d12FA4293BC": 88.942761562052,
    "0x90F79bf6EB2c4f870365E785982E1f101E93b906": 55.71234349784265,
    "0x15d34AAf54267DB7D7c367839AAf71A00a2C6A65": 54.865469250321055
  },
  "contributions": {
    "1": {
      "0x70997970C51812dc3A010C7d01b50e0d17dc79C8": 83.30606011898215,
      "0x3C44CdDdB6a900fa2b585dd299e03d12FA4293BC": 63.23551661044861,
      "0x90F79bf6EB2c4f870365E785982E1f101E93b906": 83.31992402035297,
      "0x15d34AAf54267DB7D7c367839AAf71A00a2C6A65": 82.49566314162723
    },
    "2": {
      "0x70997970C51812dc3A010C7d01b50e0d17dc79C8": 75.91374407545676,
      "0x3C44CdDdB6a900fa2b585dd299e03d12FA4293BC": 73.25443669053678,
      "0x90F79bf6EB2c4f870365E785982E1f101E93b906": 74.16344445958539,
      "0x15d34AAf54267DB7D7c367839AAf71A00a2C6A65": 75.8672879111725
    },
    "3": {
      "0x70997970C51812dc3A010C7d01b50e0d17dc79C8": 44.96522595829067,
      "0x3C44CdDdB6a900fa2b585dd299e03d12FA4293BC": 25.786679250556716,
      "0x90F79bf6EB2c4f870365E785982E1f101E93b906": 55.29962090335264,
      "0x15d34AAf54267DB7D7c367839AAf71A00a2C6A65": 52.7669386133639
    }
  },
  "distributed_rounds": [
    "3",
    "2",
    "1"
  ]
}